time, resource data (Actor State [ActiveInput])*, resource workload, temporal data (Actor State [NumberOfEnabledTransitions])*, temporal workload, decision data (Actor State [TransitionDuration])*, decision workload, TaskStarts, TaskStops
0,,0,,0,,0,,
1,(ParentSearch IDLE [false])(ParentSearch IDLE [false])(ParentSearch IDLE [false])(ParentSearch IDLE [true]),4,(ParentSearch IDLE [1]),1,(ParentSearch IDLE [1]),1,,
2,(ParentSearch POKE_MM [false])(ParentSearch POKE_MM [false])(ParentSearch POKE_MM [false])(MissionManager IDLE [PS_POKE_MM]),4,(ParentSearch POKE_MM [10])(MissionManager IDLE [1]),11,(ParentSearch POKE_MM [1])(MissionManager IDLE [1]),2,([PS_START_TRANSMIT_AOI_PS]),
3,(ParentSearch POKE_MM [false])(ParentSearch POKE_MM [MM_ACK_PS])(ParentSearch POKE_MM [false])(ParentSearch POKE_MM [false]),4,(ParentSearch POKE_MM [1]),1,(ParentSearch POKE_MM [2]),2,([PS_START_TRANSMIT_AOI_PS]),
4,(ParentSearch TX_MM [false])(ParentSearch TX_MM [MM_ACK_PS])(ParentSearch TX_MM [false])(ParentSearch TX_MM [false]),4,(ParentSearch TX_MM [10]),10,(ParentSearch TX_MM [3]),3,,
14,(ParentSearch END_MM [false])(ParentSearch END_MM [MM_ACK_PS])(ParentSearch END_MM [false])(ParentSearch END_MM [false])(MissionManager RX_PS [PS_NEW_SEARCH_AOI_MM]),5,(ParentSearch END_MM [1])(MissionManager RX_PS [1]),2,(ParentSearch END_MM [1])(MissionManager RX_PS [1]),2,([MM_START_LISTEN_TO_PS_MM]),([PS_STOP_TRANSMIT_AOI_PS])
15,(ParentSearch IDLE [false])(ParentSearch IDLE [false])(ParentSearch IDLE [false]),3,(ParentSearch IDLE [1])(MissionManager IDLE [1]),2,(ParentSearch IDLE [1])(MissionManager IDLE [1]),2,([MM_START_SEARCH_MM]),
16,(ParentSearch POKE_MM [false])(ParentSearch POKE_MM [false])(ParentSearch POKE_MM [false])(MissionManager POKE_OP [PS_POKE_MM])(Operator IDLE [UAV_LANDED_OP])(Operator IDLE [MM_POKE_OP]),6,(ParentSearch POKE_MM [10])(MissionManager POKE_OP [1])(Operator IDLE [1]),12,(ParentSearch POKE_MM [1])(MissionManager POKE_OP [1])(Operator IDLE [1]),3,,
17,(ParentSearch POKE_MM [false])(ParentSearch POKE_MM [MM_ACK_PS])(ParentSearch POKE_MM [false])(ParentSearch POKE_MM [false]),4,(ParentSearch POKE_MM [1]),1,(ParentSearch POKE_MM [2]),2,,
18,(ParentSearch TX_MM [false])(ParentSearch TX_MM [MM_ACK_PS])(ParentSearch TX_MM [false])(ParentSearch TX_MM [false])(Operator RX_MM [UAV_LANDED_OP])(Operator RX_MM [MM_END_OP]),6,(ParentSearch TX_MM [10])(Operator RX_MM [1]),11,(ParentSearch TX_MM [2])(Operator RX_MM [1]),3,([OP_START_LISTEN_TO_MM_OP]),
19,(ParentSearch TX_MM [false])(ParentSearch TX_MM [MM_ACK_PS])(ParentSearch TX_MM [false])(ParentSearch TX_MM [false]),4,(ParentSearch TX_MM [10]),10,(ParentSearch TX_MM [2]),2,,
28,(ParentSearch END_MM [false])(ParentSearch END_MM [MM_ACK_PS])(ParentSearch END_MM [false])(ParentSearch END_MM [false])(MissionManager RX_PS [PS_TARGET_DESCRIPTION_MM]),5,(ParentSearch END_MM [1])(MissionManager RX_PS [1]),2,(ParentSearch END_MM [1])(MissionManager RX_PS [1]),2,,([PS_STOP_TRANSMIT_TARGET_DESCRIPTION_PS])
29,,0,(MissionManager IDLE [1]),1,(MissionManager IDLE [2]),2,([MM_START_TRANSMIT_TARGET_DESCRIPTION_MM]),
30,,0,(MissionManager POKE_VO [10]),10,(MissionManager POKE_VO [1]),1,,
31,(MissionManager POKE_VO [VO_ACK_MM]),1,(MissionManager POKE_VO [1]),1,(MissionManager POKE_VO [2]),2,,
32,(MissionManager TX_VO [VO_ACK_MM]),1,(MissionManager TX_VO [10]),10,(MissionManager TX_VO [1]),1,,
42,(MissionManager END_VO [VO_ACK_MM]),1,(MissionManager END_VO [1]),1,(MissionManager END_VO [1]),1,,([MM_STOP_TRANSMIT_TARGET_DESCRIPTION_MM])
43,,0,(MissionManager IDLE [1]),1,(MissionManager IDLE [1]),1,,
44,(Operator IDLE [UAV_LANDED_OP])(Operator IDLE [MM_POKE_OP]),2,(Operator IDLE [1]),1,(Operator IDLE [1]),1,,([OP_STOP_LISTEN_TO_MM_OP])
45,(MissionManager POKE_OP [OP_ACK_MM]),1,(MissionManager POKE_OP [1]),1,(MissionManager POKE_OP [1]),1,,
46,(MissionManager TX_OP [OP_ACK_MM]),1,(MissionManager TX_OP [10]),10,(MissionManager TX_OP [1]),1,,
56,(MissionManager END_OP [OP_ACK_MM])(Operator RX_MM [UAV_LANDED_OP])(Operator RX_MM [MM_NEW_SEARCH_AOI_OP]),3,(MissionManager END_OP [1])(Operator RX_MM [1]),2,(MissionManager END_OP [1])(Operator RX_MM [1]),2,([OP_START_LISTEN_TO_MM_OP]),([MM_STOP_TRANSMIT_AOI_MM])
57,(Operator IDLE [UAV_LANDED_OP]),1,(Operator IDLE [1]),1,(Operator IDLE [1]),1,([OP_START_SET_AOI_OP]),
59,(Operator LAUNCH_UAV [UAV_FLYING_OP])(Operator LAUNCH_UAV [OGUI_FLYING_NORMAL_OP]),2,(Operator LAUNCH_UAV [1]),1,(Operator LAUNCH_UAV [1]),1,([OP_START_LAUNCH_OP]),
60,(Operator OBSERVE_GUI [UAV_FLYING_OP])(Operator OBSERVE_GUI [OGUI_FLYING_NORMAL_OP]),2,(Operator OBSERVE_GUI [1]),1,(Operator OBSERVE_GUI [2]),2,,([OP_STOP_LAUNCH_OP])
61,(Operator OBSERVE_GUI [UAV_FLYING_OP])(Operator OBSERVE_GUI [OGUI_FLYING_NORMAL_OP]),2,(Operator OBSERVE_GUI [1]),1,(Operator OBSERVE_GUI [2]),2,,([OP_STOP_LAUNCH_OP])
62,(Operator POKE_OGUI [UAV_FLYING_OP])(Operator POKE_OGUI [OGUI_FLYING_NORMAL_OP]),2,(Operator POKE_OGUI [1]),1,(Operator POKE_OGUI [1]),1,,
63,(MissionManager IDLE [VO_POKE_MM])(Operator POKE_OGUI [UAV_FLYING_OP])(Operator POKE_OGUI [OGUI_FLYING_NORMAL_OP]),3,(MissionManager IDLE [1])(Operator POKE_OGUI [1]),2,(MissionManager IDLE [1])(Operator POKE_OGUI [1]),2,,
64,(MissionManager IDLE [VO_POKE_MM])(Operator TX_OGUI [UAV_FLYING_OP])(Operator TX_OGUI [OGUI_FLYING_NORMAL_OP]),3,(MissionManager IDLE [1])(Operator TX_OGUI [10]),11,(MissionManager IDLE [1])(Operator TX_OGUI [1]),2,,
65,(Operator TX_OGUI [UAV_FLYING_OP])(Operator TX_OGUI [OGUI_FLYING_NORMAL_OP]),2,(Operator TX_OGUI [10]),10,(Operator TX_OGUI [1]),1,,
66,(MissionManager RX_VO [VO_TARGET_SIGHTED_T_MM])(Operator TX_OGUI [UAV_FLYING_OP])(Operator TX_OGUI [OGUI_FLYING_NORMAL_OP]),3,(MissionManager RX_VO [1])(Operator TX_OGUI [10]),11,(MissionManager RX_VO [1])(Operator TX_OGUI [1]),2,([MM_START_LISTEN_TO_VO_MM]),
67,(MissionManager IDLE [VO_TARGET_SIGHTED_T_MM])(Operator TX_OGUI [UAV_FLYING_OP])(Operator TX_OGUI [OGUI_FLYING_NORMAL_OP]),3,(MissionManager IDLE [1])(Operator TX_OGUI [10]),11,(MissionManager IDLE [2])(Operator TX_OGUI [1]),3,,([MM_STOP_LISTEN_TO_VO_MM])
68,(ParentSearch IDLE [false])(ParentSearch IDLE [MM_POKE_PS])(ParentSearch IDLE [false])(ParentSearch IDLE [false])(Operator TX_OGUI [UAV_FLYING_OP])(Operator TX_OGUI [OGUI_FLYING_NORMAL_OP]),6,(ParentSearch IDLE [1])(Operator TX_OGUI [10]),11,(ParentSearch IDLE [1])(Operator TX_OGUI [1]),2,,
69,(ParentSearch IDLE [false])(ParentSearch IDLE [MM_POKE_PS])(ParentSearch IDLE [false])(ParentSearch IDLE [false])(Operator TX_OGUI [UAV_FLYING_OP])(Operator TX_OGUI [OGUI_FLYING_NORMAL_OP]),6,(ParentSearch IDLE [1])(Operator TX_OGUI [10]),11,(ParentSearch IDLE [1])(Operator TX_OGUI [1]),2,,
70,(MissionManager POKE_PS [PS_ACK_MM])(Operator TX_OGUI [UAV_FLYING_OP])(Operator TX_OGUI [OGUI_FLYING_NORMAL_OP]),3,(MissionManager POKE_PS [1])(Operator TX_OGUI [10]),11,(MissionManager POKE_PS [1])(Operator TX_OGUI [1]),2,,
71,(MissionManager TX_PS [PS_ACK_MM])(Operator TX_OGUI [UAV_FLYING_OP])(Operator TX_OGUI [OGUI_FLYING_NORMAL_OP]),3,(MissionManager TX_PS [10])(Operator TX_OGUI [10]),20,(MissionManager TX_PS [2])(Operator TX_OGUI [1]),3,,
77,(MissionManager TX_PS [PS_ACK_MM])(Operator END_OGUI [UAV_FLYING_OP])(Operator END_OGUI [OGUI_FLYING_NORMAL_OP]),3,(MissionManager TX_PS [10])(Operator END_OGUI [1]),11,(MissionManager TX_PS [2])(Operator END_OGUI [1]),3,,([OP_STOP_SET_AOI_OP])
78,(MissionManager TX_PS [PS_ACK_MM])(Operator OBSERVE_GUI [UAV_FLYING_OP])(Operator OBSERVE_GUI [OGUI_FLYING_NORMAL_OP]),3,(MissionManager TX_PS [10])(Operator OBSERVE_GUI [5]),15,(MissionManager TX_PS [2])(Operator OBSERVE_GUI [1]),3,,
79,(MissionManager TX_PS [PS_ACK_MM])(Operator OBSERVE_GUI [UAV_FLYING_OP]),2,(MissionManager TX_PS [10])(Operator OBSERVE_GUI [5]),15,(MissionManager TX_PS [2])(Operator OBSERVE_GUI [1]),3,,
80,(MissionManager TX_PS [PS_ACK_MM])(Operator OBSERVE_GUI [UAV_FLYING_OP]),2,(MissionManager TX_PS [10])(Operator OBSERVE_GUI [5]),15,(MissionManager TX_PS [2])(Operator OBSERVE_GUI [1]),3,,
81,(MissionManager TX_PS [PS_ACK_MM])(Operator OBSERVE_GUI [UAV_FLYING_OP])(Operator OBSERVE_GUI [OGUI_FP_PAUSED_OP]),3,(MissionManager TX_PS [10])(Operator OBSERVE_GUI [5]),15,(MissionManager TX_PS [2])(Operator OBSERVE_GUI [1]),3,,
82,(MissionManager TX_PS [PS_ACK_MM])(Operator OBSERVE_GUI [UAV_FLYING_OP])(Operator OBSERVE_GUI [OGUI_FP_PAUSED_OP]),3,(MissionManager TX_PS [10])(Operator OBSERVE_GUI [5]),15,(MissionManager TX_PS [2])(Operator OBSERVE_GUI [1]),3,,
83,(MissionManager TX_PS [PS_ACK_MM])(Operator OBSERVE_GUI [UAV_FLYING_OP])(Operator OBSERVE_GUI [OGUI_FP_PAUSED_OP]),3,(MissionManager TX_PS [10])(Operator OBSERVE_GUI [5]),15,(MissionManager TX_PS [2])(Operator OBSERVE_GUI [1]),3,,
84,(MissionManager TX_PS [PS_ACK_MM])(Operator OBSERVE_UAV [UAV_FLYING_OP])(Operator OBSERVE_UAV [OGUI_FP_PAUSED_OP]),3,(MissionManager TX_PS [10])(Operator OBSERVE_UAV [10]),20,(MissionManager TX_PS [2])(Operator OBSERVE_UAV [1]),3,,
85,(MissionManager TX_PS [PS_ACK_MM])(Operator OBSERVE_UAV [UAV_FLYING_OP])(Operator OBSERVE_UAV [OGUI_FP_PAUSED_OP]),3,(MissionManager TX_PS [10])(Operator OBSERVE_UAV [10]),20,(MissionManager TX_PS [2])(Operator OBSERVE_UAV [1]),3,,
86,(MissionManager TX_PS [PS_ACK_MM])(Operator OBSERVE_UAV [UAV_FLYING_OP])(Operator OBSERVE_UAV [OGUI_FP_PAUSED_OP]),3,(MissionManager TX_PS [10])(Operator OBSERVE_UAV [10]),20,(MissionManager TX_PS [2])(Operator OBSERVE_UAV [1]),3,,
87,(MissionManager TX_PS [PS_ACK_MM])(Operator OBSERVE_UAV [UAV_FLYING_OP])(Operator OBSERVE_UAV [OGUI_FP_PAUSED_OP]),3,(MissionManager TX_PS [10])(Operator OBSERVE_UAV [10]),20,(MissionManager TX_PS [2])(Operator OBSERVE_UAV [1]),3,,
88,(MissionManager TX_PS [PS_ACK_MM])(Operator OBSERVE_UAV [UAV_FLYING_OP])(Operator OBSERVE_UAV [OGUI_FP_PAUSED_OP]),3,(MissionManager TX_PS [10])(Operator OBSERVE_UAV [10]),20,(MissionManager TX_PS [2])(Operator OBSERVE_UAV [1]),3,,
89,(MissionManager TX_PS [PS_ACK_MM])(Operator OBSERVE_UAV [UAV_FLYING_OP])(Operator OBSERVE_UAV [OGUI_FP_PAUSED_OP]),3,(MissionManager TX_PS [10])(Operator OBSERVE_UAV [10]),20,(MissionManager TX_PS [2])(Operator OBSERVE_UAV [1]),3,,
90,(ParentSearch RX_MM [false])(ParentSearch RX_MM [MM_TARGET_SIGHTED_T_PS])(ParentSearch RX_MM [false])(ParentSearch RX_MM [false])(MissionManager END_PS [PS_ACK_MM])(Operator OBSERVE_UAV [UAV_FLYING_OP])(Operator OBSERVE_UAV [OGUI_FP_PAUSED_OP]),7,(ParentSearch RX_MM [1])(MissionManager END_PS [1])(Operator OBSERVE_UAV [10]),12,(ParentSearch RX_MM [1])(MissionManager END_PS [1])(Operator OBSERVE_UAV [1]),3,([PS_START_LISTEN_TO_MM_PS]),([MM_STOP_SEARCH_MM])
91,(ParentSearch RX_MM [false])(ParentSearch RX_MM [MM_TARGET_SIGHTED_T_PS])(ParentSearch RX_MM [false])(ParentSearch RX_MM [false])(MissionManager END_PS [PS_ACK_MM])(Operator OBSERVE_UAV [UAV_FLYING_OP])(Operator OBSERVE_UAV [OGUI_FP_PAUSED_OP]),7,(ParentSearch RX_MM [1])(MissionManager END_PS [1])(Operator OBSERVE_UAV [10]),12,(ParentSearch RX_MM [1])(MissionManager END_PS [1])(Operator OBSERVE_UAV [1]),3,([PS_START_LISTEN_TO_MM_PS]),([MM_STOP_SEARCH_MM])
92,(Operator OBSERVE_UAV [UAV_FLYING_OP])(Operator OBSERVE_UAV [OGUI_FP_PAUSED_OP]),2,(Operator OBSERVE_UAV [10]),10,(Operator OBSERVE_UAV [1]),1,,
93,(Operator OBSERVE_UAV [UAV_FLYING_OP])(Operator OBSERVE_UAV [OGUI_FP_PAUSED_OP]),2,(Operator OBSERVE_UAV [10]),10,(Operator OBSERVE_UAV [1]),1,,
94,(Operator OBSERVE_UAV [UAV_FLYING_OP])(Operator OBSERVE_UAV [OGUI_FP_PAUSED_OP]),2,(Operator OBSERVE_UAV [10]),10,(Operator OBSERVE_UAV [1]),1,,
95,(Operator OBSERVE_UAV [UAV_FLYING_OP])(Operator OBSERVE_UAV [OGUI_FP_PAUSED_OP]),2,(Operator OBSERVE_UAV [10]),10,(Operator OBSERVE_UAV [1]),1,,
96,(Operator OBSERVE_UAV [UAV_FLYING_OP])(Operator OBSERVE_UAV [OGUI_FP_PAUSED_OP]),2,(Operator OBSERVE_UAV [10]),10,(Operator OBSERVE_UAV [1]),1,,
97,(Operator OBSERVE_UAV [UAV_FLYING_OP])(Operator OBSERVE_UAV [OGUI_FP_PAUSED_OP]),2,(Operator OBSERVE_UAV [10]),10,(Operator OBSERVE_UAV [1]),1,,
98,(Operator OBSERVE_UAV [UAV_FLYING_OP])(Operator OBSERVE_UAV [OGUI_FP_PAUSED_OP]),2,(Operator OBSERVE_UAV [10]),10,(Operator OBSERVE_UAV [1]),1,,
99,(Operator OBSERVE_UAV [UAV_FLYING_OP])(Operator OBSERVE_UAV [OGUI_FP_PAUSED_OP]),2,(Operator OBSERVE_UAV [10]),10,(Operator OBSERVE_UAV [1]),1,,
100,(Operator OBSERVE_UAV [UAV_FLYING_OP])(Operator OBSERVE_UAV [OGUI_FP_PAUSED_OP]),2,(Operator OBSERVE_UAV [10]),10,(Operator OBSERVE_UAV [1]),1,,
101,(Operator OBSERVE_UAV [UAV_FLYING_OP])(Operator OBSERVE_UAV [OGUI_FP_PAUSED_OP]),2,(Operator OBSERVE_UAV [10]),10,(Operator OBSERVE_UAV [1]),1,,
102,(Operator OBSERVE_UAV [UAV_FLYING_OP])(Operator OBSERVE_UAV [OGUI_FP_PAUSED_OP]),2,(Operator OBSERVE_UAV [10]),10,(Operator OBSERVE_UAV [1]),1,,
103,(Operator OBSERVE_UAV [UAV_FLYING_OP])(Operator OBSERVE_UAV [OGUI_FP_PAUSED_OP]),2,(Operator OBSERVE_UAV [10]),10,(Operator OBSERVE_UAV [1]),1,,
104,(Operator OBSERVE_UAV [UAV_FLYING_OP])(Operator OBSERVE_UAV [OGUI_FP_PAUSED_OP]),2,(Operator OBSERVE_UAV [10]),10,(Operator OBSERVE_UAV [1]),1,,
105,(Operator OBSERVE_GUI [UAV_FLYING_OP])(Operator OBSERVE_GUI [OGUI_FP_PAUSED_OP]),2,(Operator OBSERVE_GUI [5]),5,(Operator OBSERVE_GUI [1]),1,,
106,(Operator OBSERVE_GUI [UAV_FLYING_OP])(Operator OBSERVE_GUI [OGUI_FP_PAUSED_OP]),2,(Operator OBSERVE_GUI [5]),5,(Operator OBSERVE_GUI [1]),1,,
107,(Operator OBSERVE_GUI [UAV_FLYING_OP])(Operator OBSERVE_GUI [OGUI_FP_PAUSED_OP]),2,(Operator OBSERVE_GUI [5]),5,(Operator OBSERVE_GUI [1]),1,,
108,(Operator OBSERVE_GUI [UAV_FLYING_OP])(Operator OBSERVE_GUI [OGUI_FP_PAUSED_OP]),2,(Operator OBSERVE_GUI [5]),5,(Operator OBSERVE_GUI [1]),1,,
109,(Operator OBSERVE_GUI [UAV_FLYING_OP])(Operator OBSERVE_GUI [OGUI_FP_PAUSED_OP]),2,(Operator OBSERVE_GUI [5]),5,(Operator OBSERVE_GUI [1]),1,,
110,(Operator OBSERVE_GUI [UAV_FLYING_OP])(Operator OBSERVE_GUI [OGUI_FP_PAUSED_OP]),2,(Operator OBSERVE_GUI [5]),5,(Operator OBSERVE_GUI [1]),1,,
111,(Operator OBSERVE_UAV [UAV_FLYING_OP])(Operator OBSERVE_UAV [OGUI_FP_PAUSED_OP]),2,(Operator OBSERVE_UAV [10]),10,(Operator OBSERVE_UAV [1]),1,,
112,(Operator OBSERVE_UAV [UAV_FLYING_OP])(Operator OBSERVE_UAV [OGUI_FP_PAUSED_OP]),2,(Operator OBSERVE_UAV [10]),10,(Operator OBSERVE_UAV [1]),1,,
113,(Operator OBSERVE_UAV [UAV_FLYING_OP])(Operator OBSERVE_UAV [OGUI_FP_PAUSED_OP]),2,(Operator OBSERVE_UAV [10]),10,(Operator OBSERVE_UAV [1]),1,,
114,(Operator OBSERVE_UAV [UAV_FLYING_OP])(Operator OBSERVE_UAV [OGUI_FP_PAUSED_OP]),2,(Operator OBSERVE_UAV [10]),10,(Operator OBSERVE_UAV [1]),1,,
115,(Operator OBSERVE_UAV [UAV_FLYING_OP])(Operator OBSERVE_UAV [OGUI_FP_PAUSED_OP]),2,(Operator OBSERVE_UAV [10]),10,(Operator OBSERVE_UAV [1]),1,,
116,(Operator OBSERVE_UAV [UAV_FLYING_OP])(Operator OBSERVE_UAV [OGUI_FP_PAUSED_OP]),2,(Operator OBSERVE_UAV [10]),10,(Operator OBSERVE_UAV [1]),1,,
117,(Operator OBSERVE_UAV [UAV_FLYING_OP])(Operator OBSERVE_UAV [OGUI_FP_PAUSED_OP]),2,(Operator OBSERVE_UAV [10]),10,(Operator OBSERVE_UAV [1]),1,,
118,(Operator OBSERVE_UAV [UAV_FLYING_OP])(Operator OBSERVE_UAV [OGUI_FP_PAUSED_OP]),2,(Operator OBSERVE_UAV [10]),10,(Operator OBSERVE_UAV [1]),1,,
119,(Operator OBSERVE_UAV [UAV_FLYING_OP])(Operator OBSERVE_UAV [OGUI_FP_PAUSED_OP]),2,(Operator OBSERVE_UAV [10]),10,(Operator OBSERVE_UAV [1]),1,,
120,(Operator OBSERVE_UAV [UAV_FLYING_OP])(Operator OBSERVE_UAV [OGUI_FP_PAUSED_OP]),2,(Operator OBSERVE_UAV [10]),10,(Operator OBSERVE_UAV [1]),1,,
121,(Operator OBSERVE_UAV [UAV_FLYING_OP])(Operator OBSERVE_UAV [OGUI_FP_PAUSED_OP]),2,(Operator OBSERVE_UAV [10]),10,(Operator OBSERVE_UAV [1]),1,,
122,(Operator OBSERVE_UAV [UAV_FLYING_OP])(Operator OBSERVE_UAV [OGUI_FP_PAUSED_OP]),2,(Operator OBSERVE_UAV [10]),10,(Operator OBSERVE_UAV [1]),1,,
123,(Operator OBSERVE_UAV [UAV_FLYING_OP])(Operator OBSERVE_UAV [OGUI_FP_PAUSED_OP]),2,(Operator OBSERVE_UAV [10]),10,(Operator OBSERVE_UAV [1]),1,,
124,(Operator OBSERVE_UAV [UAV_FLYING_OP])(Operator OBSERVE_UAV [OGUI_FP_PAUSED_OP]),2,(Operator OBSERVE_UAV [10]),10,(Operator OBSERVE_UAV [1]),1,,
125,(Operator OBSERVE_UAV [UAV_FLYING_OP])(Operator OBSERVE_UAV [OGUI_FP_PAUSED_OP]),2,(Operator OBSERVE_UAV [10]),10,(Operator OBSERVE_UAV [1]),1,,
126,(Operator OBSERVE_UAV [UAV_FLYING_OP])(Operator OBSERVE_UAV [OGUI_FP_PAUSED_OP]),2,(Operator OBSERVE_UAV [10]),10,(Operator OBSERVE_UAV [1]),1,,
127,(Operator OBSERVE_UAV [UAV_FLYING_OP])(Operator OBSERVE_UAV [OGUI_FP_PAUSED_OP]),2,(Operator OBSERVE_UAV [10]),10,(Operator OBSERVE_UAV [1]),1,,
128,(Operator OBSERVE_UAV [UAV_FLYING_OP])(Operator OBSERVE_UAV [OGUI_FP_PAUSED_OP]),2,(Operator OBSERVE_UAV [10]),10,(Operator OBSERVE_UAV [1]),1,,
129,(Operator OBSERVE_UAV [UAV_FLYING_OP])(Operator OBSERVE_UAV [OGUI_FP_PAUSED_OP]),2,(Operator OBSERVE_UAV [10]),10,(Operator OBSERVE_UAV [1]),1,,
130,(Operator OBSERVE_UAV [UAV_FLYING_OP])(Operator OBSERVE_UAV [OGUI_FP_PAUSED_OP]),2,(Operator OBSERVE_UAV [10]),10,(Operator OBSERVE_UAV [1]),1,,
131,(Operator OBSERVE_GUI [UAV_FLYING_OP])(Operator OBSERVE_GUI [OGUI_FP_PAUSED_OP]),2,(Operator OBSERVE_GUI [5]),5,(Operator OBSERVE_GUI [1]),1,,
132,(Operator OBSERVE_GUI [UAV_FLYING_OP])(Operator OBSERVE_GUI [OGUI_FP_PAUSED_OP]),2,(Operator OBSERVE_GUI [5]),5,(Operator OBSERVE_GUI [1]),1,,
133,(Operator OBSERVE_GUI [UAV_FLYING_OP])(Operator OBSERVE_GUI [OGUI_FP_PAUSED_OP]),2,(Operator OBSERVE_GUI [5]),5,(Operator OBSERVE_GUI [1]),1,,
134,(Operator OBSERVE_GUI [UAV_FLYING_OP])(Operator OBSERVE_GUI [OGUI_FP_PAUSED_OP]),2,(Operator OBSERVE_GUI [5]),5,(Operator OBSERVE_GUI [1]),1,,
135,(Operator OBSERVE_GUI [UAV_FLYING_OP])(Operator OBSERVE_GUI [OGUI_FP_PAUSED_OP]),2,(Operator OBSERVE_GUI [5]),5,(Operator OBSERVE_GUI [1]),1,,
136,(Operator OBSERVE_GUI [UAV_FLYING_OP])(Operator OBSERVE_GUI [OGUI_FP_PAUSED_OP]),2,(Operator OBSERVE_GUI [5]),5,(Operator OBSERVE_GUI [1]),1,,
137,(Operator OBSERVE_UAV [UAV_FLYING_OP])(Operator OBSERVE_UAV [OGUI_FP_PAUSED_OP]),2,(Operator OBSERVE_UAV [10]),10,(Operator OBSERVE_UAV [1]),1,,
138,(Operator OBSERVE_UAV [UAV_FLYING_OP])(Operator OBSERVE_UAV [OGUI_FP_PAUSED_OP]),2,(Operator OBSERVE_UAV [10]),10,(Operator OBSERVE_UAV [1]),1,,
139,(Operator OBSERVE_UAV [UAV_FLYING_OP])(Operator OBSERVE_UAV [OGUI_FP_PAUSED_OP]),2,(Operator OBSERVE_UAV [10]),10,(Operator OBSERVE_UAV [1]),1,,
140,(Operator OBSERVE_UAV [UAV_FLYING_OP])(Operator OBSERVE_UAV [OGUI_FP_PAUSED_OP]),2,(Operator OBSERVE_UAV [10]),10,(Operator OBSERVE_UAV [1]),1,,
141,(Operator OBSERVE_UAV [UAV_FLYING_OP])(Operator OBSERVE_UAV [OGUI_FP_PAUSED_OP]),2,(Operator OBSERVE_UAV [10]),10,(Operator OBSERVE_UAV [1]),1,,
142,(Operator OBSERVE_UAV [UAV_FLYING_OP])(Operator OBSERVE_UAV [OGUI_FP_PAUSED_OP]),2,(Operator OBSERVE_UAV [10]),10,(Operator OBSERVE_UAV [1]),1,,
143,(Operator OBSERVE_UAV [UAV_FLYING_OP])(Operator OBSERVE_UAV [OGUI_FP_PAUSED_OP]),2,(Operator OBSERVE_UAV [10]),10,(Operator OBSERVE_UAV [1]),1,,
144,(Operator OBSERVE_UAV [UAV_FLYING_OP])(Operator OBSERVE_UAV [OGUI_FP_PAUSED_OP]),2,(Operator OBSERVE_UAV [10]),10,(Operator OBSERVE_UAV [1]),1,,
145,(Operator OBSERVE_UAV [UAV_FLYING_OP])(Operator OBSERVE_UAV [OGUI_FP_PAUSED_OP]),2,(Operator OBSERVE_UAV [10]),10,(Operator OBSERVE_UAV [1]),1,,
146,(Operator OBSERVE_UAV [UAV_FLYING_OP])(Operator OBSERVE_UAV [OGUI_FP_PAUSED_OP]),2,(Operator OBSERVE_UAV [10]),10,(Operator OBSERVE_UAV [1]),1,,
147,(Operator OBSERVE_UAV [UAV_FLYING_OP])(Operator OBSERVE_UAV [OGUI_FP_PAUSED_OP]),2,(Operator OBSERVE_UAV [10]),10,(Operator OBSERVE_UAV [1]),1,,
148,(Operator OBSERVE_GUI [UAV_FLYING_OP])(Operator OBSERVE_GUI [OGUI_FP_PAUSED_OP]),2,(Operator OBSERVE_GUI [5]),5,(Operator OBSERVE_GUI [1]),1,,
149,(Operator OBSERVE_GUI [UAV_FLYING_OP])(Operator OBSERVE_GUI [OGUI_FP_PAUSED_OP]),2,(Operator OBSERVE_GUI [5]),5,(Operator OBSERVE_GUI [1]),1,,
150,(Operator OBSERVE_GUI [UAV_FLYING_OP])(Operator OBSERVE_GUI [OGUI_FP_PAUSED_OP]),2,(Operator OBSERVE_GUI [5]),5,(Operator OBSERVE_GUI [1]),1,,
151,(Operator OBSERVE_GUI [UAV_FLYING_OP])(Operator OBSERVE_GUI [OGUI_FP_PAUSED_OP]),2,(Operator OBSERVE_GUI [5]),5,(Operator OBSERVE_GUI [1]),1,,
152,(Operator OBSERVE_GUI [UAV_FLYING_OP])(Operator OBSERVE_GUI [OGUI_FP_PAUSED_OP]),2,(Operator OBSERVE_GUI [5]),5,(Operator OBSERVE_GUI [1]),1,,
153,(Operator OBSERVE_GUI [UAV_FLYING_OP])(Operator OBSERVE_GUI [OGUI_FP_PAUSED_OP]),2,(Operator OBSERVE_GUI [5]),5,(Operator OBSERVE_GUI [1]),1,,
154,(Operator OBSERVE_UAV [UAV_FLYING_OP])(Operator OBSERVE_UAV [OGUI_FP_PAUSED_OP]),2,(Operator OBSERVE_UAV [10]),10,(Operator OBSERVE_UAV [1]),1,,
155,(Operator OBSERVE_UAV [UAV_FLYING_OP])(Operator OBSERVE_UAV [OGUI_FP_PAUSED_OP]),2,(Operator OBSERVE_UAV [10]),10,(Operator OBSERVE_UAV [1]),1,,
156,(Operator OBSERVE_UAV [UAV_FLYING_OP])(Operator OBSERVE_UAV [OGUI_FP_PAUSED_OP]),2,(Operator OBSERVE_UAV [10]),10,(Operator OBSERVE_UAV [1]),1,,
157,(Operator OBSERVE_UAV [UAV_FLYING_OP])(Operator OBSERVE_UAV [OGUI_FP_PAUSED_OP]),2,(Operator OBSERVE_UAV [10]),10,(Operator OBSERVE_UAV [1]),1,,
158,(Operator OBSERVE_UAV [UAV_FLYING_OP])(Operator OBSERVE_UAV [OGUI_FP_PAUSED_OP]),2,(Operator OBSERVE_UAV [10]),10,(Operator OBSERVE_UAV [1]),1,,
159,(Operator OBSERVE_UAV [UAV_FLYING_OP])(Operator OBSERVE_UAV [OGUI_FP_PAUSED_OP]),2,(Operator OBSERVE_UAV [10]),10,(Operator OBSERVE_UAV [1]),1,,
160,(Operator OBSERVE_UAV [UAV_FLYING_OP])(Operator OBSERVE_UAV [OGUI_FP_PAUSED_OP]),2,(Operator OBSERVE_UAV [10]),10,(Operator OBSERVE_UAV [1]),1,,
161,(Operator OBSERVE_UAV [UAV_FLYING_OP])(Operator OBSERVE_UAV [OGUI_FP_PAUSED_OP]),2,(Operator OBSERVE_UAV [10]),10,(Operator OBSERVE_UAV [1]),1,,
162,(Operator OBSERVE_UAV [UAV_FLYING_OP])(Operator OBSERVE_UAV [OGUI_FP_PAUSED_OP]),2,(Operator OBSERVE_UAV [10]),10,(Operator OBSERVE_UAV [1]),1,,
163,(Operator OBSERVE_UAV [UAV_FLYING_OP])(Operator OBSERVE_UAV [OGUI_FP_PAUSED_OP]),2,(Operator OBSERVE_UAV [10]),10,(Operator OBSERVE_UAV [1]),1,,
164,(Operator OBSERVE_UAV [UAV_FLYING_OP])(Operator OBSERVE_UAV [OGUI_FP_PAUSED_OP]),2,(Operator OBSERVE_UAV [10]),10,(Operator OBSERVE_UAV [1]),1,,
165,(Operator OBSERVE_GUI [UAV_FLYING_OP])(Operator OBSERVE_GUI [OGUI_FP_PAUSED_OP]),2,(Operator OBSERVE_GUI [5]),5,(Operator OBSERVE_GUI [1]),1,,
166,(Operator OBSERVE_GUI [UAV_FLYING_OP])(Operator OBSERVE_GUI [OGUI_FP_PAUSED_OP]),2,(Operator OBSERVE_GUI [5]),5,(Operator OBSERVE_GUI [1]),1,,
167,(Operator OBSERVE_GUI [UAV_FLYING_OP])(Operator OBSERVE_GUI [OGUI_FP_PAUSED_OP]),2,(Operator OBSERVE_GUI [5]),5,(Operator OBSERVE_GUI [1]),1,,
168,(Operator OBSERVE_GUI [UAV_FLYING_OP])(Operator OBSERVE_GUI [OGUI_FP_PAUSED_OP]),2,(Operator OBSERVE_GUI [5]),5,(Operator OBSERVE_GUI [1]),1,,
169,(Operator OBSERVE_GUI [UAV_FLYING_OP])(Operator OBSERVE_GUI [OGUI_FP_PAUSED_OP]),2,(Operator OBSERVE_GUI [5]),5,(Operator OBSERVE_GUI [1]),1,,
170,(Operator OBSERVE_GUI [UAV_FLYING_OP])(Operator OBSERVE_GUI [OGUI_FP_PAUSED_OP]),2,(Operator OBSERVE_GUI [5]),5,(Operator OBSERVE_GUI [1]),1,,
171,(Operator OBSERVE_UAV [UAV_FLYING_OP])(Operator OBSERVE_UAV [OGUI_FP_PAUSED_OP]),2,(Operator OBSERVE_UAV [10]),10,(Operator OBSERVE_UAV [1]),1,,
172,(Operator OBSERVE_UAV [UAV_FLYING_OP])(Operator OBSERVE_UAV [OGUI_FP_PAUSED_OP]),2,(Operator OBSERVE_UAV [10]),10,(Operator OBSERVE_UAV [1]),1,,
173,(Operator OBSERVE_UAV [UAV_FLYING_OP])(Operator OBSERVE_UAV [OGUI_FP_PAUSED_OP]),2,(Operator OBSERVE_UAV [10]),10,(Operator OBSERVE_UAV [1]),1,,
174,(Operator OBSERVE_UAV [UAV_FLYING_OP])(Operator OBSERVE_UAV [OGUI_FP_PAUSED_OP]),2,(Operator OBSERVE_UAV [10]),10,(Operator OBSERVE_UAV [1]),1,,
175,(Operator OBSERVE_UAV [UAV_FLYING_OP])(Operator OBSERVE_UAV [OGUI_FP_PAUSED_OP]),2,(Operator OBSERVE_UAV [10]),10,(Operator OBSERVE_UAV [1]),1,,
176,(Operator OBSERVE_UAV [UAV_FLYING_OP])(Operator OBSERVE_UAV [OGUI_FP_PAUSED_OP]),2,(Operator OBSERVE_UAV [10]),10,(Operator OBSERVE_UAV [1]),1,,
177,(Operator OBSERVE_UAV [UAV_FLYING_OP])(Operator OBSERVE_UAV [OGUI_FP_PAUSED_OP]),2,(Operator OBSERVE_UAV [10]),10,(Operator OBSERVE_UAV [1]),1,,
178,(Operator OBSERVE_UAV [UAV_FLYING_OP])(Operator OBSERVE_UAV [OGUI_FP_PAUSED_OP]),2,(Operator OBSERVE_UAV [10]),10,(Operator OBSERVE_UAV [1]),1,,
179,(Operator OBSERVE_UAV [UAV_FLYING_OP])(Operator OBSERVE_UAV [OGUI_FP_PAUSED_OP]),2,(Operator OBSERVE_UAV [10]),10,(Operator OBSERVE_UAV [1]),1,,
180,(Operator OBSERVE_UAV [UAV_FLYING_OP])(Operator OBSERVE_UAV [OGUI_FP_PAUSED_OP]),2,(Operator OBSERVE_UAV [10]),10,(Operator OBSERVE_UAV [1]),1,,
181,(Operator OBSERVE_UAV [UAV_FLYING_OP])(Operator OBSERVE_UAV [OGUI_FP_PAUSED_OP]),2,(Operator OBSERVE_UAV [10]),10,(Operator OBSERVE_UAV [1]),1,,
182,(Operator OBSERVE_GUI [UAV_FLYING_OP])(Operator OBSERVE_GUI [OGUI_FP_PAUSED_OP]),2,(Operator OBSERVE_GUI [5]),5,(Operator OBSERVE_GUI [1]),1,,
183,(Operator OBSERVE_GUI [UAV_FLYING_OP])(Operator OBSERVE_GUI [OGUI_FP_PAUSED_OP]),2,(Operator OBSERVE_GUI [5]),5,(Operator OBSERVE_GUI [1]),1,,
184,(Operator OBSERVE_GUI [UAV_FLYING_OP])(Operator OBSERVE_GUI [OGUI_FP_PAUSED_OP]),2,(Operator OBSERVE_GUI [5]),5,(Operator OBSERVE_GUI [1]),1,,
185,(Operator OBSERVE_GUI [UAV_FLYING_OP])(Operator OBSERVE_GUI [OGUI_FP_PAUSED_OP]),2,(Operator OBSERVE_GUI [5]),5,(Operator OBSERVE_GUI [1]),1,,
186,(Operator OBSERVE_GUI [UAV_FLYING_OP])(Operator OBSERVE_GUI [OGUI_FP_PAUSED_OP]),2,(Operator OBSERVE_GUI [5]),5,(Operator OBSERVE_GUI [1]),1,,
187,(Operator OBSERVE_GUI [UAV_FLYING_OP])(Operator OBSERVE_GUI [OGUI_FP_PAUSED_OP]),2,(Operator OBSERVE_GUI [5]),5,(Operator OBSERVE_GUI [1]),1,,
188,(Operator OBSERVE_UAV [UAV_FLYING_OP])(Operator OBSERVE_UAV [OGUI_FP_PAUSED_OP]),2,(Operator OBSERVE_UAV [10]),10,(Operator OBSERVE_UAV [1]),1,,
189,(Operator OBSERVE_UAV [UAV_FLYING_OP])(Operator OBSERVE_UAV [OGUI_FP_PAUSED_OP]),2,(Operator OBSERVE_UAV [10]),10,(Operator OBSERVE_UAV [1]),1,,
190,(Operator OBSERVE_UAV [UAV_FLYING_OP])(Operator OBSERVE_UAV [OGUI_FP_PAUSED_OP]),2,(Operator OBSERVE_UAV [10]),10,(Operator OBSERVE_UAV [1]),1,,
191,(Operator OBSERVE_UAV [UAV_FLYING_OP])(Operator OBSERVE_UAV [OGUI_FP_PAUSED_OP]),2,(Operator OBSERVE_UAV [10]),10,(Operator OBSERVE_UAV [1]),1,,
192,(Operator OBSERVE_UAV [UAV_FLYING_OP])(Operator OBSERVE_UAV [OGUI_FP_PAUSED_OP]),2,(Operator OBSERVE_UAV [10]),10,(Operator OBSERVE_UAV [1]),1,,
193,(Operator OBSERVE_UAV [UAV_FLYING_OP])(Operator OBSERVE_UAV [OGUI_FP_PAUSED_OP]),2,(Operator OBSERVE_UAV [10]),10,(Operator OBSERVE_UAV [1]),1,,
194,(Operator OBSERVE_UAV [UAV_FLYING_OP])(Operator OBSERVE_UAV [OGUI_FP_PAUSED_OP]),2,(Operator OBSERVE_UAV [10]),10,(Operator OBSERVE_UAV [1]),1,,
195,(Operator OBSERVE_UAV [UAV_FLYING_OP])(Operator OBSERVE_UAV [OGUI_FP_PAUSED_OP]),2,(Operator OBSERVE_UAV [10]),10,(Operator OBSERVE_UAV [1]),1,,
196,(Operator OBSERVE_UAV [UAV_FLYING_OP])(Operator OBSERVE_UAV [OGUI_FP_PAUSED_OP]),2,(Operator OBSERVE_UAV [10]),10,(Operator OBSERVE_UAV [1]),1,,
197,(Operator OBSERVE_UAV [UAV_FLYING_OP])(Operator OBSERVE_UAV [OGUI_FP_PAUSED_OP]),2,(Operator OBSERVE_UAV [10]),10,(Operator OBSERVE_UAV [1]),1,,
198,(Operator OBSERVE_UAV [UAV_FLYING_OP])(Operator OBSERVE_UAV [OGUI_FP_PAUSED_OP]),2,(Operator OBSERVE_UAV [10]),10,(Operator OBSERVE_UAV [1]),1,,
199,(Operator OBSERVE_GUI [UAV_FLYING_OP])(Operator OBSERVE_GUI [OGUI_FP_PAUSED_OP]),2,(Operator OBSERVE_GUI [5]),5,(Operator OBSERVE_GUI [1]),1,,
200,(Operator OBSERVE_GUI [UAV_FLYING_OP])(Operator OBSERVE_GUI [OGUI_FP_PAUSED_OP]),2,(Operator OBSERVE_GUI [5]),5,(Operator OBSERVE_GUI [1]),1,,
201,(Operator OBSERVE_GUI [UAV_FLYING_OP])(Operator OBSERVE_GUI [OGUI_FP_PAUSED_OP]),2,(Operator OBSERVE_GUI [5]),5,(Operator OBSERVE_GUI [1]),1,,
202,(Operator OBSERVE_GUI [UAV_FLYING_OP])(Operator OBSERVE_GUI [OGUI_FP_PAUSED_OP]),2,(Operator OBSERVE_GUI [5]),5,(Operator OBSERVE_GUI [1]),1,,
203,(Operator OBSERVE_GUI [UAV_FLYING_OP])(Operator OBSERVE_GUI [OGUI_FP_PAUSED_OP]),2,(Operator OBSERVE_GUI [5]),5,(Operator OBSERVE_GUI [1]),1,,
204,(Operator OBSERVE_GUI [UAV_FLYING_OP])(Operator OBSERVE_GUI [OGUI_FP_PAUSED_OP]),2,(Operator OBSERVE_GUI [5]),5,(Operator OBSERVE_GUI [1]),1,,
205,(Operator OBSERVE_UAV [UAV_FLYING_OP])(Operator OBSERVE_UAV [OGUI_FP_PAUSED_OP]),2,(Operator OBSERVE_UAV [10]),10,(Operator OBSERVE_UAV [1]),1,,
206,(Operator OBSERVE_UAV [UAV_FLYING_OP])(Operator OBSERVE_UAV [OGUI_FP_PAUSED_OP]),2,(Operator OBSERVE_UAV [10]),10,(Operator OBSERVE_UAV [1]),1,,
207,(Operator OBSERVE_UAV [UAV_FLYING_OP])(Operator OBSERVE_UAV [OGUI_FP_PAUSED_OP]),2,(Operator OBSERVE_UAV [10]),10,(Operator OBSERVE_UAV [1]),1,,
208,(Operator OBSERVE_UAV [UAV_FLYING_OP])(Operator OBSERVE_UAV [OGUI_FP_PAUSED_OP]),2,(Operator OBSERVE_UAV [10]),10,(Operator OBSERVE_UAV [1]),1,,
209,(Operator OBSERVE_UAV [UAV_FLYING_OP])(Operator OBSERVE_UAV [OGUI_FP_PAUSED_OP]),2,(Operator OBSERVE_UAV [10]),10,(Operator OBSERVE_UAV [1]),1,,
210,(Operator OBSERVE_UAV [UAV_FLYING_OP])(Operator OBSERVE_UAV [OGUI_FP_PAUSED_OP]),2,(Operator OBSERVE_UAV [10]),10,(Operator OBSERVE_UAV [1]),1,,
211,(Operator OBSERVE_UAV [UAV_FLYING_OP])(Operator OBSERVE_UAV [OGUI_FP_PAUSED_OP]),2,(Operator OBSERVE_UAV [10]),10,(Operator OBSERVE_UAV [1]),1,,
212,(Operator OBSERVE_UAV [UAV_FLYING_OP])(Operator OBSERVE_UAV [OGUI_FP_PAUSED_OP]),2,(Operator OBSERVE_UAV [10]),10,(Operator OBSERVE_UAV [1]),1,,
213,(Operator OBSERVE_UAV [UAV_FLYING_OP])(Operator OBSERVE_UAV [OGUI_FP_PAUSED_OP]),2,(Operator OBSERVE_UAV [10]),10,(Operator OBSERVE_UAV [1]),1,,
214,(Operator OBSERVE_UAV [UAV_FLYING_OP])(Operator OBSERVE_UAV [OGUI_FP_PAUSED_OP]),2,(Operator OBSERVE_UAV [10]),10,(Operator OBSERVE_UAV [1]),1,,
215,(Operator OBSERVE_UAV [UAV_FLYING_OP])(Operator OBSERVE_UAV [OGUI_FP_PAUSED_OP]),2,(Operator OBSERVE_UAV [10]),10,(Operator OBSERVE_UAV [1]),1,,
216,(Operator OBSERVE_GUI [UAV_FLYING_OP])(Operator OBSERVE_GUI [OGUI_FP_PAUSED_OP]),2,(Operator OBSERVE_GUI [5]),5,(Operator OBSERVE_GUI [1]),1,,
217,(Operator OBSERVE_GUI [UAV_FLYING_OP])(Operator OBSERVE_GUI [OGUI_FP_PAUSED_OP]),2,(Operator OBSERVE_GUI [5]),5,(Operator OBSERVE_GUI [1]),1,,
218,(Operator OBSERVE_GUI [UAV_FLYING_OP])(Operator OBSERVE_GUI [OGUI_FP_PAUSED_OP]),2,(Operator OBSERVE_GUI [5]),5,(Operator OBSERVE_GUI [1]),1,,
219,(Operator OBSERVE_GUI [UAV_FLYING_OP])(Operator OBSERVE_GUI [OGUI_FP_PAUSED_OP]),2,(Operator OBSERVE_GUI [5]),5,(Operator OBSERVE_GUI [1]),1,,
220,(Operator OBSERVE_GUI [UAV_FLYING_OP])(Operator OBSERVE_GUI [OGUI_FP_PAUSED_OP]),2,(Operator OBSERVE_GUI [5]),5,(Operator OBSERVE_GUI [1]),1,,
221,(Operator OBSERVE_GUI [UAV_FLYING_OP])(Operator OBSERVE_GUI [OGUI_FP_PAUSED_OP]),2,(Operator OBSERVE_GUI [5]),5,(Operator OBSERVE_GUI [1]),1,,
222,(Operator OBSERVE_UAV [UAV_FLYING_OP])(Operator OBSERVE_UAV [OGUI_FP_PAUSED_OP]),2,(Operator OBSERVE_UAV [10]),10,(Operator OBSERVE_UAV [1]),1,,
223,(Operator OBSERVE_UAV [UAV_FLYING_OP])(Operator OBSERVE_UAV [OGUI_FP_PAUSED_OP]),2,(Operator OBSERVE_UAV [10]),10,(Operator OBSERVE_UAV [1]),1,,
224,(Operator OBSERVE_UAV [UAV_FLYING_OP])(Operator OBSERVE_UAV [OGUI_FP_PAUSED_OP]),2,(Operator OBSERVE_UAV [10]),10,(Operator OBSERVE_UAV [1]),1,,
225,(Operator OBSERVE_UAV [UAV_FLYING_OP])(Operator OBSERVE_UAV [OGUI_FP_PAUSED_OP]),2,(Operator OBSERVE_UAV [10]),10,(Operator OBSERVE_UAV [1]),1,,
226,(Operator OBSERVE_UAV [UAV_FLYING_OP])(Operator OBSERVE_UAV [OGUI_FP_PAUSED_OP]),2,(Operator OBSERVE_UAV [10]),10,(Operator OBSERVE_UAV [1]),1,,
227,(Operator OBSERVE_UAV [UAV_FLYING_OP])(Operator OBSERVE_UAV [OGUI_FP_PAUSED_OP]),2,(Operator OBSERVE_UAV [10]),10,(Operator OBSERVE_UAV [1]),1,,
228,(Operator OBSERVE_UAV [UAV_FLYING_OP])(Operator OBSERVE_UAV [OGUI_FP_PAUSED_OP]),2,(Operator OBSERVE_UAV [10]),10,(Operator OBSERVE_UAV [1]),1,,
229,(Operator OBSERVE_UAV [UAV_FLYING_OP])(Operator OBSERVE_UAV [OGUI_BATTERY_LOW_OP]),2,(Operator OBSERVE_UAV [10]),10,(Operator OBSERVE_UAV [1]),1,,
230,(Operator OBSERVE_UAV [UAV_FLYING_OP])(Operator OBSERVE_UAV [OGUI_BATTERY_LOW_OP]),2,(Operator OBSERVE_UAV [10]),10,(Operator OBSERVE_UAV [1]),1,,
240,(Operator OBSERVE_GUI [UAV_FLYING_OP])(Operator OBSERVE_GUI [OGUI_BATTERY_LOW_OP]),2,(Operator OBSERVE_GUI [1]),1,(Operator OBSERVE_GUI [2]),2,,
241,(Operator POKE_OGUI [UAV_FLYING_OP])(Operator POKE_OGUI [OGUI_BATTERY_LOW_OP]),2,(Operator POKE_OGUI [1]),1,(Operator POKE_OGUI [1]),1,,
242,(Operator TX_OGUI [UAV_FLYING_OP])(Operator TX_OGUI [OGUI_BATTERY_LOW_OP]),2,(Operator TX_OGUI [10]),10,(Operator TX_OGUI [1]),1,,
251,(Operator TX_OGUI [UAV_FLYING_OP])(Operator TX_OGUI [OGUI_BATTERY_LOW_OP]),2,(Operator TX_OGUI [10]),10,(Operator TX_OGUI [1]),1,,
252,(Operator END_OGUI [UAV_CRASHED_OP])(Operator END_OGUI [OGUI_FP_PAUSED_OP]),2,(Operator END_OGUI [1]),1,(Operator END_OGUI [1]),1,,
253,(Operator OBSERVE_GUI [UAV_CRASHED_OP])(Operator OBSERVE_GUI [OGUI_FP_PAUSED_OP])(Operator OBSERVE_GUI [UAV_CRASHED_OP])(Operator OBSERVE_GUI [OGUI_FP_PAUSED_OP])(Operator OBSERVE_GUI [UAV_CRASHED_OP])(Operator OBSERVE_GUI [OGUI_FP_PAUSED_OP])(Operator OBSERVE_GUI [UAV_CRASHED_OP])(Operator OBSERVE_GUI [OGUI_FP_PAUSED_OP])(Operator OBSERVE_GUI [UAV_CRASHED_OP])(Operator OBSERVE_GUI [OGUI_FP_PAUSED_OP])(Operator OBSERVE_GUI [UAV_CRASHED_OP])(Operator OBSERVE_GUI [OGUI_FP_PAUSED_OP]),12,(Operator OBSERVE_GUI [5])(Operator OBSERVE_GUI [6])(Operator OBSERVE_GUI [7])(Operator OBSERVE_GUI [8])(Operator OBSERVE_GUI [9])(Operator OBSERVE_GUI [10]),45,(Operator OBSERVE_GUI [1])(Operator OBSERVE_GUI [1])(Operator OBSERVE_GUI [1])(Operator OBSERVE_GUI [1])(Operator OBSERVE_GUI [1])(Operator OBSERVE_GUI [1]),6,,
258,(Operator OBSERVE_UAV [UAV_CRASHED_OP])(Operator OBSERVE_UAV [OGUI_FP_PAUSED_OP]),2,(Operator OBSERVE_UAV [1]),1,(Operator OBSERVE_UAV [2]),2,,
259,(MissionManager IDLE [OP_POKE_MM])(Operator OBSERVE_UAV [UAV_CRASHED_OP])(Operator OBSERVE_UAV [OGUI_FP_PAUSED_OP]),3,(MissionManager IDLE [1])(Operator OBSERVE_UAV [1]),2,(MissionManager IDLE [1])(Operator OBSERVE_UAV [2]),3,,
260,(Operator POKE_MM [UAV_CRASHED_OP])(Operator POKE_MM [OGUI_FP_PAUSED_OP])(Operator POKE_MM [MM_ACK_OP])(MissionManager IDLE [OP_POKE_MM])(Operator OBSERVE_UAV [UAV_CRASHED_OP])(Operator OBSERVE_UAV [OGUI_FP_PAUSED_OP]),6,(Operator POKE_MM [1])(MissionManager IDLE [1])(Operator OBSERVE_UAV [1]),3,(Operator POKE_MM [1])(MissionManager IDLE [1])(Operator OBSERVE_UAV [2]),4,,
261,(Operator TX_MM [UAV_CRASHED_OP])(Operator TX_MM [OGUI_FP_PAUSED_OP])(Operator TX_MM [MM_ACK_OP])(Operator POKE_MM [UAV_CRASHED_OP])(Operator POKE_MM [OGUI_FP_PAUSED_OP])(Operator POKE_MM [MM_ACK_OP])(MissionManager IDLE [OP_POKE_MM])(Operator OBSERVE_UAV [UAV_CRASHED_OP])(Operator OBSERVE_UAV [OGUI_FP_PAUSED_OP]),9,(Operator TX_MM [10])(Operator POKE_MM [1])(MissionManager IDLE [1])(Operator OBSERVE_UAV [1]),13,(Operator TX_MM [1])(Operator POKE_MM [1])(MissionManager IDLE [1])(Operator OBSERVE_UAV [2]),5,,
262,(Operator TX_MM [UAV_CRASHED_OP])(Operator TX_MM [OGUI_FP_PAUSED_OP])(Operator TX_MM [MM_ACK_OP])(Operator POKE_MM [UAV_CRASHED_OP])(Operator POKE_MM [OGUI_FP_PAUSED_OP])(Operator POKE_MM [MM_ACK_OP])(MissionManager IDLE [OP_POKE_MM])(Operator OBSERVE_UAV [UAV_CRASHED_OP])(Operator OBSERVE_UAV [OGUI_FP_PAUSED_OP]),9,(Operator TX_MM [10])(Operator POKE_MM [1])(MissionManager IDLE [1])(Operator OBSERVE_UAV [1]),13,(Operator TX_MM [1])(Operator POKE_MM [1])(MissionManager IDLE [1])(Operator OBSERVE_UAV [2]),5,,
263,(Operator TX_MM [UAV_CRASHED_OP])(Operator TX_MM [OGUI_FP_PAUSED_OP])(Operator TX_MM [MM_ACK_OP])(Operator POKE_MM [UAV_CRASHED_OP])(Operator POKE_MM [OGUI_FP_PAUSED_OP])(Operator POKE_MM [MM_ACK_OP])(MissionManager IDLE [OP_POKE_MM])(Operator OBSERVE_UAV [UAV_CRASHED_OP])(Operator OBSERVE_UAV [OGUI_FP_PAUSED_OP]),9,(Operator TX_MM [10])(Operator POKE_MM [1])(MissionManager IDLE [1])(Operator OBSERVE_UAV [1]),13,(Operator TX_MM [1])(Operator POKE_MM [1])(MissionManager IDLE [1])(Operator OBSERVE_UAV [2]),5,,
264,(Operator TX_MM [UAV_CRASHED_OP])(Operator TX_MM [OGUI_FP_PAUSED_OP])(Operator TX_MM [MM_ACK_OP])(Operator POKE_MM [UAV_CRASHED_OP])(Operator POKE_MM [OGUI_FP_PAUSED_OP])(Operator POKE_MM [MM_ACK_OP])(MissionManager IDLE [OP_POKE_MM]),7,(Operator TX_MM [10])(Operator POKE_MM [1])(MissionManager IDLE [1]),12,(Operator TX_MM [1])(Operator POKE_MM [1])(MissionManager IDLE [1]),3,,
265,(Operator TX_MM [UAV_CRASHED_OP])(Operator TX_MM [OGUI_FP_PAUSED_OP])(Operator TX_MM [MM_ACK_OP])(Operator POKE_MM [UAV_CRASHED_OP])(Operator POKE_MM [OGUI_FP_PAUSED_OP])(Operator POKE_MM [MM_ACK_OP]),6,(Operator TX_MM [10])(Operator POKE_MM [1]),11,(Operator TX_MM [1])(Operator POKE_MM [1]),2,,
266,(Operator TX_MM [UAV_CRASHED_OP])(Operator TX_MM [OGUI_FP_PAUSED_OP])(Operator TX_MM [MM_ACK_OP]),3,(Operator TX_MM [10]),10,(Operator TX_MM [1]),1,,
271,(MissionManager RX_OP [OP_SEARCH_FAILED_MM])(Operator END_MM [UAV_CRASHED_OP])(Operator END_MM [OGUI_FP_PAUSED_OP])(Operator END_MM [MM_ACK_OP]),4,(MissionManager RX_OP [1])(Operator END_MM [1]),2,(MissionManager RX_OP [1])(Operator END_MM [1]),2,([MM_START_LISTEN_TO_OP_MM]),
272,(MissionManager RX_OP [OP_SEARCH_FAILED_MM])(Operator END_MM [UAV_CRASHED_OP])(Operator END_MM [OGUI_FP_PAUSED_OP])(Operator END_MM [MM_ACK_OP]),4,(MissionManager IDLE [1])(MissionManager RX_OP [1])(Operator END_MM [1]),3,(MissionManager IDLE [1])(MissionManager RX_OP [1])(Operator END_MM [1]),3,([MM_START_LISTEN_TO_OP_MM]),([MM_STOP_LISTEN_TO_OP_MM])
273,(ParentSearch IDLE [false])(ParentSearch IDLE [MM_POKE_PS])(ParentSearch IDLE [false])(ParentSearch IDLE [false])(MissionManager RX_OP [OP_SEARCH_FAILED_MM])(Operator END_MM [UAV_CRASHED_OP])(Operator END_MM [OGUI_FP_PAUSED_OP])(Operator END_MM [MM_ACK_OP]),8,(ParentSearch IDLE [1])(MissionManager IDLE [1])(MissionManager RX_OP [1])(Operator END_MM [1]),4,(ParentSearch IDLE [1])(MissionManager IDLE [1])(MissionManager RX_OP [1])(Operator END_MM [1]),4,([MM_START_LISTEN_TO_OP_MM]),([PS_STOP_LISTEN_TO_MM_PS])([MM_STOP_LISTEN_TO_OP_MM])
274,(MissionManager POKE_PS [PS_ACK_MM])(ParentSearch IDLE [false])(ParentSearch IDLE [MM_POKE_PS])(ParentSearch IDLE [false])(ParentSearch IDLE [false])(MissionManager RX_OP [OP_SEARCH_FAILED_MM])(Operator END_MM [UAV_CRASHED_OP])(Operator END_MM [OGUI_FP_PAUSED_OP])(Operator END_MM [MM_ACK_OP]),9,(MissionManager POKE_PS [1])(ParentSearch IDLE [1])(MissionManager IDLE [1])(MissionManager RX_OP [1])(Operator END_MM [1]),5,(MissionManager POKE_PS [1])(ParentSearch IDLE [1])(MissionManager IDLE [1])(MissionManager RX_OP [1])(Operator END_MM [1]),5,([MM_START_LISTEN_TO_OP_MM]),([PS_STOP_LISTEN_TO_MM_PS])([MM_STOP_LISTEN_TO_OP_MM])
275,(MissionManager TX_PS [PS_ACK_MM])(MissionManager POKE_PS [PS_ACK_MM])(ParentSearch IDLE [false])(ParentSearch IDLE [MM_POKE_PS])(ParentSearch IDLE [false])(ParentSearch IDLE [false])(MissionManager RX_OP [OP_SEARCH_FAILED_MM])(Operator END_MM [UAV_CRASHED_OP])(Operator END_MM [OGUI_FP_PAUSED_OP])(Operator END_MM [MM_ACK_OP]),10,(MissionManager TX_PS [10])(MissionManager POKE_PS [1])(ParentSearch IDLE [1])(MissionManager IDLE [1])(MissionManager RX_OP [1])(Operator END_MM [1]),15,(MissionManager TX_PS [2])(MissionManager POKE_PS [1])(ParentSearch IDLE [1])(MissionManager IDLE [1])(MissionManager RX_OP [1])(Operator END_MM [1]),7,([MM_START_LISTEN_TO_OP_MM]),([PS_STOP_LISTEN_TO_MM_PS])([MM_STOP_LISTEN_TO_OP_MM])
276,(MissionManager TX_PS [PS_ACK_MM])(MissionManager POKE_PS [PS_ACK_MM])(ParentSearch IDLE [false])(ParentSearch IDLE [MM_POKE_PS])(ParentSearch IDLE [false])(ParentSearch IDLE [false])(MissionManager RX_OP [OP_SEARCH_FAILED_MM])(Operator END_MM [UAV_CRASHED_OP])(Operator END_MM [OGUI_FP_PAUSED_OP])(Operator END_MM [MM_ACK_OP]),10,(MissionManager TX_PS [10])(MissionManager POKE_PS [1])(ParentSearch IDLE [1])(MissionManager IDLE [1])(MissionManager RX_OP [1])(Operator END_MM [1]),15,(MissionManager TX_PS [2])(MissionManager POKE_PS [1])(ParentSearch IDLE [1])(MissionManager IDLE [1])(MissionManager RX_OP [1])(Operator END_MM [1]),7,([MM_START_LISTEN_TO_OP_MM]),([PS_STOP_LISTEN_TO_MM_PS])([MM_STOP_LISTEN_TO_OP_MM])
277,(MissionManager TX_PS [PS_ACK_MM])(MissionManager POKE_PS [PS_ACK_MM])(ParentSearch IDLE [false])(ParentSearch IDLE [MM_POKE_PS])(ParentSearch IDLE [false])(ParentSearch IDLE [false]),6,(MissionManager TX_PS [10])(MissionManager POKE_PS [1])(ParentSearch IDLE [1])(MissionManager IDLE [1]),13,(MissionManager TX_PS [2])(MissionManager POKE_PS [1])(ParentSearch IDLE [1])(MissionManager IDLE [1]),5,,([PS_STOP_LISTEN_TO_MM_PS])([MM_STOP_LISTEN_TO_OP_MM])
278,(MissionManager TX_PS [PS_ACK_MM])(MissionManager POKE_PS [PS_ACK_MM])(ParentSearch IDLE [false])(ParentSearch IDLE [MM_POKE_PS])(ParentSearch IDLE [false])(ParentSearch IDLE [false]),6,(MissionManager TX_PS [10])(MissionManager POKE_PS [1])(ParentSearch IDLE [1]),12,(MissionManager TX_PS [2])(MissionManager POKE_PS [1])(ParentSearch IDLE [1]),4,,([PS_STOP_LISTEN_TO_MM_PS])
279,(MissionManager TX_PS [PS_ACK_MM])(MissionManager POKE_PS [PS_ACK_MM]),2,(MissionManager TX_PS [10])(MissionManager POKE_PS [1]),11,(MissionManager TX_PS [2])(MissionManager POKE_PS [1]),3,,
280,(MissionManager TX_PS [PS_ACK_MM]),1,(MissionManager TX_PS [10]),10,(MissionManager TX_PS [2]),2,,
285,(ParentSearch RX_MM [false])(ParentSearch RX_MM [MM_SEARCH_FAILED_PS])(ParentSearch RX_MM [false])(ParentSearch RX_MM [false])(MissionManager END_PS [PS_ACK_MM]),5,(ParentSearch RX_MM [1])(MissionManager END_PS [1]),2,(ParentSearch RX_MM [1])(MissionManager END_PS [1]),2,([PS_START_LISTEN_TO_MM_PS]),([MM_STOP_SEARCH_MM])
286,(ParentSearch RX_MM [false])(ParentSearch RX_MM [MM_SEARCH_FAILED_PS])(ParentSearch RX_MM [false])(ParentSearch RX_MM [false])(MissionManager END_PS [PS_ACK_MM]),5,(ParentSearch RX_MM [1])(MissionManager END_PS [1]),2,(ParentSearch RX_MM [1])(MissionManager END_PS [1]),2,([PS_START_LISTEN_TO_MM_PS]),([MM_STOP_SEARCH_MM])
287,(ParentSearch RX_MM [false])(ParentSearch RX_MM [MM_SEARCH_FAILED_PS])(ParentSearch RX_MM [false])(ParentSearch RX_MM [false])(MissionManager END_PS [PS_ACK_MM]),5,(ParentSearch RX_MM [1])(MissionManager END_PS [1]),2,(ParentSearch RX_MM [1])(MissionManager END_PS [1]),2,([PS_START_LISTEN_TO_MM_PS]),([MM_STOP_SEARCH_MM])
288,(ParentSearch RX_MM [false])(ParentSearch RX_MM [MM_SEARCH_FAILED_PS])(ParentSearch RX_MM [false])(ParentSearch RX_MM [false])(MissionManager END_PS [PS_ACK_MM]),5,(ParentSearch RX_MM [1])(MissionManager END_PS [1]),2,(ParentSearch RX_MM [1])(MissionManager END_PS [1]),2,([PS_START_LISTEN_TO_MM_PS]),([MM_STOP_SEARCH_MM])
289,(ParentSearch RX_MM [false])(ParentSearch RX_MM [MM_SEARCH_FAILED_PS])(ParentSearch RX_MM [false])(ParentSearch RX_MM [false])(MissionManager END_PS [PS_ACK_MM]),5,(ParentSearch RX_MM [1])(MissionManager END_PS [1]),2,(ParentSearch RX_MM [1])(MissionManager END_PS [1]),2,([PS_START_LISTEN_TO_MM_PS]),([MM_STOP_SEARCH_MM])